{"cameraMode":{"drawMode":0,"name":"Shaded","section":"Shading Mode"},"sceneLighting":false,"audioPlay":false,"sceneViewState":{"m_AlwaysRefresh":false,"showFog":true,"showSkybox":false,"showFlares":true,"showImageEffects":true,"showParticleSystems":true,"showVisualEffectGraphs":true,"m_FxEnabled":true},"in2DMode":false,"pivot":{"x":-0.01144629716873169,"y":0.025209039449691774,"z":0.0493994802236557},"rotation":{"x":0.061173200607299808,"y":-0.731781542301178,"z":0.06627058982849121,"w":0.6755698323249817},"size":0.07405678182840347,"orthographic":false}