{"cameraMode":{"drawMode":0,"name":"Shaded","section":"Shading Mode"},"sceneLighting":false,"audioPlay":false,"sceneViewState":{"m_AlwaysRefresh":false,"showFog":true,"showSkybox":false,"showFlares":true,"showImageEffects":true,"showParticleSystems":true,"showVisualEffectGraphs":true,"m_FxEnabled":true},"in2DMode":false,"pivot":{"x":0.2815864682197571,"y":0.19691729545593263,"z":-0.28683632612228396},"rotation":{"x":-0.024763094261288644,"y":-0.9556252956390381,"z":0.08361981809139252,"w":-0.2816912531852722},"size":0.4955355226993561,"orthographic":false}